[{"link":"https://www.moyo.ua/ua/noutbuk_acer_aspire_3_a315-34_nx_he3eu_05c_/512435.html","title":"Ноутбук ACER Aspire 3 A315-34 (NX.HE3EU.05C)","price":"12999","availibility":"Є в наявності","product_code":"512435","images":["https://img.moyo.ua/img/products/5124/35_174.jpg?1671785312","https://img.moyo.ua/img/gallery/5124/35/1342477_tn.jpg?1643982787","https://img.moyo.ua/img/gallery/5124/35/1342478_tn.jpg?1643982787","https://img.moyo.ua/img/gallery/5124/35/1342479_tn.jpg?1643982788","https://img.moyo.ua/img/gallery/5124/35/1342480_tn.jpg?1643982788","https://img.moyo.ua/img/gallery/5124/35/1342481_tn.jpg?1643982788","https://img.moyo.ua/img/gallery/5124/35/1342482_tn.jpg?1643982788","https://img.moyo.ua/img/gallery/5124/35/1342483_tn.jpg?1643982788","https://img.moyo.ua/img/gallery/5124/35/1342484_tn.jpg?1643982788","https://img.moyo.ua/img/gallery/5124/35/1342485_tn.jpg?1643982788"]},{"link":"https://www.moyo.ua/ua/stiralnaya_mashina_beko_wue6511xsw/452462.html","title":"Пральна машина Beko WUE6511XSW","price":"9299","availibility":"Є в наявності","product_code":"452462","images":["https://img.moyo.ua/img/products/4524/62_174.jpg?1671785312","https://img.moyo.ua/img/gallery/4524/62/1069171_tn.jpg?1614095511","https://img.moyo.ua/img/gallery/4524/62/1069170_tn.jpg?1614095511","https://img.moyo.ua/img/gallery/4524/62/1069167_tn.jpg?1614095511","https://img.moyo.ua/img/gallery/4524/62/1069173_tn.jpg?1614095511","https://img.moyo.ua/img/gallery/4524/62/1069168_tn.jpg?1614095511","https://img.moyo.ua/img/gallery/4524/62/1069169_tn.jpg?1614095511","https://img.moyo.ua/img/gallery/4524/62/1069174_tn.jpg?1614095511"]}]